ticker,date,action,price,exposure_after,drawdown_from_peak,momentum_126d,price_vs_ma_pct,volatility_63d,next_change_date,price_return_until_next_change,interpretation,rule_evidence
AAPL,2018-11-20,Exit,41.99150848388672,0.0,-0.2347245193139939,-0.0478665005595864,-0.17589097912265117,0.3377105837358871,2019-04-08,0.13548547569173985,失敗：出場後股價反彈，策略少吃一段上漲。,DD -23.47% <= GA stop -20.00% and price vs 75D MA -17.59%; 63D vol 33.77%
AAPL,2019-04-08,Re-entry,47.68074798583984,1.0,-0.1310408067780256,0.0349601490700344,0.17773613311615089,0.2349832769735708,2020-03-12,0.2567670211793984,成功：重新進場後股價上漲，策略重新跟上趨勢。,"price vs 75D MA 17.77%, 99D momentum 3.50% > 0; 63D vol 23.50%"
AAPL,2020-03-12,Exit,59.92359161376953,0.0,-0.2413508761796323,0.0556496196536209,-0.15802946307054666,0.4706819312970377,2020-04-29,0.15912661909615178,失敗：出場後股價反彈，策略少吃一段上漲。,DD -24.14% <= GA stop -20.00% and price vs 75D MA -15.80%; 63D vol 47.07%
AAPL,2020-04-29,Re-entry,69.45903015136719,1.0,-0.1206296060258393,0.0859737650063225,0.0022254736386335683,0.7023837042450451,2022-05-12,1.0120428807396729,成功：重新進場後股價上漲，策略重新跟上趨勢。,"price vs 75D MA 0.22%, 99D momentum 8.60% > 0; 63D vol 70.24%"
AAPL,2022-05-12,Exit,139.75454711914062,0.0,-0.2145962181919088,-0.1578712857859379,-0.13801031993520818,0.35040662676229756,2022-07-29,0.1399408709771881,失敗：出場後股價反彈，策略少吃一段上漲。,DD -21.46% <= GA stop -20.00% and price vs 75D MA -13.80%; 63D vol 35.04%
AAPL,2022-07-29,Re-entry,159.31192016601562,1.0,-0.1046861288969073,0.0337191744358149,0.09106559544393833,0.3981816361719911,2022-09-30,-0.1484094022354513,失敗：重新進場後價格下跌，屬於二次回落或假突破。,"price vs 75D MA 9.11%, 99D momentum 3.37% > 0; 63D vol 39.82%"
AAPL,2022-09-30,Exit,135.6685333251953,0.0,-0.2082497682499285,-0.1043170754582314,-0.10189262905086649,0.30637846397356505,2022-10-28,0.12691756194598836,失敗：出場後股價反彈，策略少吃一段上漲。,DD -20.82% <= GA stop -20.00% and price vs 75D MA -10.19%; 63D vol 30.64%
AAPL,2022-10-28,Re-entry,152.8872528076172,1.0,-0.1077627591660381,0.0540437844556294,0.00416726822114355,0.35932720106951194,2025-04-03,0.3220333028631128,成功：重新進場後股價上漲，策略重新跟上趨勢。,"price vs 75D MA 0.42%, 99D momentum 5.40% > 0; 63D vol 35.93%"
AAPL,2025-04-03,Exit,202.12203979492188,0.0,-0.2146806780998671,-0.1048127599223798,-0.13297364104823317,0.3360317328280491,2025-08-06,0.05088662695234203,失敗：出場後股價反彈，策略少吃一段上漲。,DD -21.47% <= GA stop -20.00% and price vs 75D MA -13.30%; 63D vol 33.60%
AAPL,2025-08-06,Re-entry,212.4073486328125,1.0,-0.1747184267278688,0.0001857341380713,0.0378068356447161,0.23924465532745123,2026-05-15,0.4134633896557609,成功：重新進場後股價上漲，策略重新跟上趨勢。,"price vs 75D MA 3.78%, 99D momentum 0.02% > 0; 63D vol 23.92%"
JPM,2020-03-09,Exit,78.93665313720703,0.0,-0.3334760257426125,-0.2471993671645909,-0.2971551196543788,0.39290322892407886,2020-07-13,0.06620447624943404,失敗：出場後股價反彈，策略少吃一段上漲。,DD -33.35% <= GA stop -33.00% and price vs 55D MA -29.72%; 63D vol 39.29%
JPM,2020-07-13,Re-entry,84.16261291503906,1.0,-0.289349155119211,0.066204476249434,0.02788643739200758,0.5202309287242055,2022-06-16,0.217983237246679,成功：重新進場後股價上漲，策略重新跟上趨勢。,"price vs 55D MA 2.79%, 87D momentum 6.62% > 0; 63D vol 52.02%"
JPM,2022-06-16,Exit,102.50865173339844,0.0,-0.330796678850378,-0.2672601075571167,-0.09833555183333764,0.29988865865333086,2022-09-15,0.04833509402416514,失敗：出場後股價反彈，策略少吃一段上漲。,DD -33.08% <= GA stop -33.00% and price vs 55D MA -9.83%; 63D vol 29.99%
JPM,2022-09-15,Re-entry,107.46341705322266,1.0,-0.2984506734013274,0.0065400526685723,0.02023022427858545,0.26112103571838396,2026-05-15,1.7712686393649615,成功：重新進場後股價上漲，策略重新跟上趨勢。,"price vs 55D MA 2.02%, 87D momentum 0.65% > 0; 63D vol 26.11%"
MA,2020-03-12,Exit,233.05926513671875,0.0,-0.2991061611663224,-0.1038974647206428,-0.17337605263142764,0.44056678482730993,2020-06-30,0.22632418501467755,失敗：出場後股價反彈，策略少吃一段上漲。,DD -29.91% <= GA stop -29.00% and price vs 133D MA -17.34%; 63D vol 44.06%
MA,2020-06-30,Re-entry,285.80621337890625,1.0,-0.1404769343104815,0.0361671113432071,0.020366662937359115,0.49658895645292017,2026-05-15,0.7291436962283531,成功：重新進場後股價上漲，策略重新跟上趨勢。,"price vs 133D MA 2.04%, 86D momentum 3.62% > 0; 63D vol 49.66%"
MSFT,2020-03-12,Exit,132.09405517578125,0.0,-0.2610498111207235,-0.0828134179437424,-0.10162445449962054,0.43560635071149895,2020-03-13,0.14216852745250153,失敗：出場後股價反彈，策略少吃一段上漲。,DD -26.10% <= GA stop -20.50% and price vs 121D MA -10.16%; 63D vol 43.56%
MSFT,2020-03-13,Re-entry,150.87367248535156,1.0,-0.1559943509070088,0.0455870845212211,0.025077124746695878,0.5211755500997866,2022-04-26,0.732603386221832,成功：重新進場後股價上漲，策略重新跟上趨勢。,"price vs 121D MA 2.51%, 72D momentum 4.56% > 0; 63D vol 52.12%"
MSFT,2022-04-26,Exit,261.40423583984375,0.0,-0.2108107859098066,-0.140330373425685,-0.12969462419826927,0.34111472246954283,2022-07-29,0.041350881784943505,失敗：出場後股價反彈，策略少吃一段上漲。,DD -21.08% <= GA stop -20.50% and price vs 121D MA -12.97%; 63D vol 34.11%
MSFT,2022-07-29,Re-entry,272.2135314941406,1.0,-0.1781771160120105,0.0055887505285887,0.011807845547545215,0.3710535088404273,2022-10-10,-0.1816747689686412,失敗：重新進場後價格下跌，屬於二次回落或假突破。,"price vs 121D MA 1.18%, 72D momentum 0.56% > 0; 63D vol 37.11%"
MSFT,2022-10-10,Exit,222.7592010498047,0.0,-0.2171717182550097,-0.104270951105992,-0.12951305310943018,0.3153783628995644,2023-01-26,0.08483714390008945,失敗：出場後股價反彈，策略少吃一段上漲。,DD -21.72% <= GA stop -20.50% and price vs 121D MA -12.95%; 63D vol 31.54%
MSFT,2023-01-26,Re-entry,241.6574554443359,1.0,-0.1507588026675501,0.1016562758723544,0.003993675440040256,0.3913910738172224,2025-04-04,0.4777369044133448,成功：重新進場後股價上漲，策略重新跟上趨勢。,"price vs 121D MA 0.40%, 72D momentum 10.17% > 0; 63D vol 39.14%"
MSFT,2025-04-04,Exit,357.10614013671875,0.0,-0.2259080402894298,-0.1756520920718591,-0.1327835805263099,0.26589030588239954,2025-05-01,0.1821920217432509,失敗：出場後股價反彈，策略少吃一段上漲。,DD -22.59% <= GA stop -20.50% and price vs 121D MA -13.28%; 63D vol 26.59%
MSFT,2025-05-01,Re-entry,422.16802978515625,1.0,-0.0848746611345657,0.003940328784314,0.03887020411484032,0.35310507106517386,2026-02-02,0.000563410744359949,中性：重新進場後價格變化有限。,"price vs 121D MA 3.89%, 72D momentum 0.39% > 0; 63D vol 35.31%"
MSFT,2026-02-02,Exit,422.4058837890625,0.0,-0.2175136697994244,-0.1741065557630688,-0.14727070641485374,0.2854373317904229,2026-05-15,-0.001150245249828874,中性：出場後價格變化不大，主要降低曝險。,DD -21.75% <= GA stop -20.50% and price vs 121D MA -14.73%; 63D vol 28.54%
V,2018-12-24,Exit,115.45494842529295,0.0,-0.1912685022533777,-0.1739579106345262,-0.1355265907147981,0.3357743771511893,2019-02-01,0.15131820969541177,失敗：出場後股價反彈，策略少吃一段上漲。,DD -19.13% <= GA stop -18.00% and price vs 96D MA -13.55%; 63D vol 33.58%
V,2019-02-01,Re-entry,132.92538452148438,1.0,-0.0688926998900699,0.0457440814651559,0.009200729437431221,0.3343875966843044,2020-03-09,0.23066378094537754,成功：重新進場後股價上漲，策略重新跟上趨勢。,"price vs 96D MA 0.92%, 67D momentum 4.57% > 0; 63D vol 33.44%"
V,2020-03-09,Exit,163.58645629882812,0.0,-0.1977403412955389,-0.0711728165097077,-0.09588000670614438,0.32878937346255477,2020-06-01,0.1375879341862669,失敗：出場後股價反彈，策略少吃一段上漲。,DD -19.77% <= GA stop -18.00% and price vs 96D MA -9.59%; 63D vol 32.88%
V,2020-06-01,Re-entry,186.0939788818359,1.0,-0.0873590921734126,0.0333092851941267,0.06362284778461236,0.7252248732924949,2021-11-17,0.06479480118450098,成功：重新進場後股價上漲，策略重新跟上趨勢。,"price vs 96D MA 6.36%, 67D momentum 3.33% > 0; 63D vol 72.52%"
V,2021-11-17,Exit,198.1519012451172,0.0,-0.1802454816418393,-0.1170384382953471,-0.10530448381396329,0.27994663817353693,2022-02-01,0.13313159942070296,失敗：出場後股價反彈，策略少吃一段上漲。,DD -18.02% <= GA stop -18.00% and price vs 96D MA -10.53%; 63D vol 27.99%
V,2022-02-01,Re-entry,224.5321807861328,1.0,-0.0711102514804693,0.0040937712023114,0.07644086039583842,0.353403476705754,2022-03-07,-0.17795545357606246,失敗：重新進場後價格下跌，屬於二次回落或假突破。,"price vs 96D MA 7.64%, 67D momentum 0.41% > 0; 63D vol 35.34%"
V,2022-03-07,Exit,184.5754547119141,0.0,-0.1886405190731575,-0.0268976937249038,-0.11008722781421709,0.3318624588539315,2022-03-17,0.11929735423211163,失敗：出場後股價反彈，策略少吃一段上漲。,DD -18.86% <= GA stop -18.00% and price vs 96D MA -11.01%; 63D vol 33.19%
V,2022-03-17,Re-entry,206.5948181152344,1.0,-0.0918474796674456,0.0113876556814427,0.005542426437940673,0.34256676385631696,2022-09-22,-0.12637821858844844,失敗：重新進場後價格下跌，屬於二次回落或假突破。,"price vs 96D MA 0.55%, 67D momentum 1.14% > 0; 63D vol 34.26%"
V,2022-09-22,Exit,180.48573303222656,0.0,-0.1825592419812862,-0.0155033314109466,-0.08896380642230661,0.23403509183279567,2022-11-25,0.15327959278723857,失敗：出場後股價反彈，策略少吃一段上漲。,DD -18.26% <= GA stop -18.00% and price vs 96D MA -8.90%; 63D vol 23.40%
V,2022-11-25,Re-entry,208.1505126953125,1.0,-0.0572622554644862,0.0271216053193001,0.06700979764341786,0.2838159812968617,2026-03-18,0.43358458897622465,成功：重新進場後股價上漲，策略重新跟上趨勢。,"price vs 96D MA 6.70%, 67D momentum 2.71% > 0; 63D vol 28.38%"
V,2026-03-18,Exit,298.4013671875,0.0,-0.194346825461433,-0.0822769555596768,-0.09501901387018508,0.22543259117388872,2026-04-29,0.11985826163508007,失敗：出場後股價反彈，策略少吃一段上漲。,DD -19.43% <= GA stop -18.00% and price vs 96D MA -9.50%; 63D vol 22.54%
V,2026-04-29,Re-entry,334.167236328125,1.0,-0.0977826364804566,0.0281607327195161,0.03650346918467462,0.27866570812652286,2026-05-15,-0.02518869420178571,失敗：重新進場後價格下跌，屬於二次回落或假突破。,"price vs 96D MA 3.65%, 67D momentum 2.82% > 0; 63D vol 27.87%"
