ticker,test_year,period,strategy,train_start,train_end,test_start,test_end,annualized_return,cumulative_return,max_drawdown,volatility
AAPL,2011,pre_2016_internal_wf,ga_walkforward,2006-01-03,2010-12-31,2011-01-03,2011-12-30,0.2298830700361052,0.22887361826602803,-0.13894941810093941,0.2617319338199479
AAPL,2011,pre_2016_internal_wf,fixed_rule,2006-01-03,2010-12-31,2011-01-03,2011-12-30,0.22988307003610453,0.22887361826602737,-0.13894941810093964,0.2617319338199477
AAPL,2011,pre_2016_internal_wf,buy_and_hold,2006-01-03,2010-12-31,2011-01-03,2011-12-30,0.2298830700361041,0.22887361826602692,-0.1389494181009392,0.2617319338199475
AAPL,2011,pre_2016_internal_wf,dca,2006-01-03,2010-12-31,2011-01-03,2011-12-30,0.12464187341242505,0.12411776674614394,-0.12494366770995669,0.1740260997282766
AAPL,2012,pre_2016_internal_wf,ga_walkforward,2006-01-03,2011-12-30,2012-01-03,2012-12-31,0.3726982215200647,0.3675312915259801,-0.20244143088701516,0.2568725472111466
AAPL,2012,pre_2016_internal_wf,fixed_rule,2006-01-03,2011-12-30,2012-01-03,2012-12-31,0.37269822152006293,0.3675312915259783,-0.20244143088701527,0.25687254721114655
AAPL,2012,pre_2016_internal_wf,buy_and_hold,2006-01-03,2011-12-30,2012-01-03,2012-12-31,0.30978673830501213,0.3055855770709388,-0.2708767032529722,0.29438839534699035
AAPL,2012,pre_2016_internal_wf,dca,2006-01-03,2011-12-30,2012-01-03,2012-12-31,-0.049447047328407656,-0.04887301837232083,-0.24913585919603887,0.19479876940196159
AAPL,2013,pre_2016_internal_wf,ga_walkforward,2006-01-03,2012-12-31,2013-01-02,2013-12-31,0.22781962297435765,0.22682003954214536,-0.1134833481942249,0.1558400080104113
AAPL,2013,pre_2016_internal_wf,fixed_rule,2006-01-03,2012-12-31,2013-01-02,2013-12-31,0.2880650244555327,0.2867717764511335,-0.11348334819422501,0.15760176076253196
AAPL,2013,pre_2016_internal_wf,buy_and_hold,2006-01-03,2012-12-31,2013-01-02,2013-12-31,0.047702605256402686,0.047508882285432374,-0.2845453812403326,0.2838027581393245
AAPL,2013,pre_2016_internal_wf,dca,2006-01-03,2012-12-31,2013-01-02,2013-12-31,0.2163387370629224,0.21539380969401867,-0.08548807929489777,0.14393836998697945
AAPL,2014,pre_2016_internal_wf,ga_walkforward,2006-01-03,2013-12-31,2014-01-02,2014-12-31,0.42830339284192087,0.42628429742051055,-0.10330834429364866,0.216013657229772
AAPL,2014,pre_2016_internal_wf,fixed_rule,2006-01-03,2013-12-31,2014-01-02,2014-12-31,0.42830339284192176,0.42628429742051144,-0.10330834429364844,0.2160136572297719
AAPL,2014,pre_2016_internal_wf,buy_and_hold,2006-01-03,2013-12-31,2014-01-02,2014-12-31,0.42830339284192265,0.4262842974205123,-0.10330834429364844,0.21601365722977198
AAPL,2014,pre_2016_internal_wf,dca,2006-01-03,2013-12-31,2014-01-02,2014-12-31,0.2522238856293031,0.2511067193920149,-0.10104415589851734,0.1298128866271447
AAPL,2015,pre_2016_internal_wf,ga_walkforward,2006-01-03,2014-12-31,2015-01-02,2015-12-31,-0.15760255054195427,-0.15702904596045297,-0.31026182797354385,0.21681226920770091
AAPL,2015,pre_2016_internal_wf,fixed_rule,2006-01-03,2014-12-31,2015-01-02,2015-12-31,-0.04597672518042695,-0.04579852117969463,-0.21925046101222823,0.20721165101978575
AAPL,2015,pre_2016_internal_wf,buy_and_hold,2006-01-03,2014-12-31,2015-01-02,2015-12-31,-0.020904792114254445,-0.02082270633923622,-0.2184489010859284,0.2672016301106586
AAPL,2015,pre_2016_internal_wf,dca,2006-01-03,2014-12-31,2015-01-02,2015-12-31,-0.11233689117817258,-0.11191704354612231,-0.14868816961778675,0.16543053303140035
AAPL,2016,post_2016_oos_wf,ga_walkforward,2006-01-03,2015-12-31,2016-01-04,2016-12-30,0.050187374839953725,0.049983322420341425,-0.18958311738700329,0.17708933202669438
AAPL,2016,post_2016_oos_wf,fixed_rule,2006-01-03,2015-12-31,2016-01-04,2016-12-30,0.07969495518323422,0.07936647561252097,-0.18920578917646258,0.180703867622301
AAPL,2016,post_2016_oos_wf,buy_and_hold,2006-01-03,2015-12-31,2016-01-04,2016-12-30,0.12436604290941977,0.12384315870768448,-0.1892057891764629,0.23338286848389633
AAPL,2016,post_2016_oos_wf,dca,2006-01-03,2015-12-31,2016-01-04,2016-12-30,0.1331952125285336,0.13263306565032784,-0.09005000267419672,0.11558468324385064
AAPL,2017,post_2016_oos_wf,ga_walkforward,2006-01-03,2016-12-30,2017-01-03,2017-12-29,0.485079341780297,0.480425524685818,-0.08859704060702078,0.17605317230459716
AAPL,2017,post_2016_oos_wf,fixed_rule,2006-01-03,2016-12-30,2017-01-03,2017-12-29,0.48507934178029477,0.4804255246858158,-0.08859704060702112,0.17605317230459702
AAPL,2017,post_2016_oos_wf,buy_and_hold,2006-01-03,2016-12-30,2017-01-03,2017-12-29,0.48507934178029877,0.48042552468581956,-0.088597040607021,0.1760531723045971
AAPL,2017,post_2016_oos_wf,dca,2006-01-03,2016-12-30,2017-01-03,2017-12-29,0.166788181675531,0.1653606214671013,-0.06400800865194078,0.1133889415956566
AAPL,2018,post_2016_oos_wf,ga_walkforward,2006-01-03,2017-12-29,2018-01-02,2018-12-31,0.042070916721045126,0.041730149103285985,-0.23552805376480979,0.25476142906261406
AAPL,2018,post_2016_oos_wf,fixed_rule,2006-01-03,2017-12-29,2018-01-02,2018-12-31,0.042070916721045126,0.041730149103285985,-0.23552805376480945,0.254761429062614
AAPL,2018,post_2016_oos_wf,buy_and_hold,2006-01-03,2017-12-29,2018-01-02,2018-12-31,-0.071086919979091,-0.07054312475546554,-0.36509528209213893,0.286852527954893
AAPL,2018,post_2016_oos_wf,dca,2006-01-03,2017-12-29,2018-01-02,2018-12-31,-0.15765108858706445,-0.1565033693575637,-0.35219073820022884,0.21052016558220354
AAPL,2019,post_2016_oos_wf,ga_walkforward,2006-01-03,2018-12-31,2019-01-02,2019-12-31,0.45656448254447923,0.45439235139691836,-0.1784301368056822,0.2048881644662404
AAPL,2019,post_2016_oos_wf,fixed_rule,2006-01-03,2018-12-31,2019-01-02,2019-12-31,0.40207961793695524,0.4002005527205983,-0.1792517066688768,0.19692462879269
AAPL,2019,post_2016_oos_wf,buy_and_hold,2006-01-03,2018-12-31,2019-01-02,2019-12-31,0.8922074449112634,0.8874248319593545,-0.17843013680568187,0.2613788590258428
AAPL,2019,post_2016_oos_wf,dca,2006-01-03,2018-12-31,2019-01-02,2019-12-31,0.4968018892218362,0.494408145663074,-0.08195898636754118,0.13963424460415086
AAPL,2020,post_2016_oos_wf,ga_walkforward,2006-01-03,2019-12-31,2020-01-02,2020-12-31,0.5883442754364732,0.5883442754364732,-0.38893003054480246,0.4512964683417143
AAPL,2020,post_2016_oos_wf,fixed_rule,2006-01-03,2019-12-31,2020-01-02,2020-12-31,0.5381018344709769,0.5381018344709769,-0.29221627912885306,0.3876325300317973
AAPL,2020,post_2016_oos_wf,buy_and_hold,2006-01-03,2019-12-31,2020-01-02,2020-12-31,0.7823995622377771,0.7823995622377771,-0.3142728167328245,0.46606596082864526
AAPL,2020,post_2016_oos_wf,dca,2006-01-03,2019-12-31,2020-01-02,2020-12-31,0.5117244685520621,0.5117244685520621,-0.1694899577193365,0.24988044644105306
AAPL,2021,post_2016_oos_wf,ga_walkforward,2006-01-03,2020-12-31,2021-01-04,2021-12-31,0.3823850353274454,0.3806098645588154,-0.18598831674129745,0.24965563964180731
AAPL,2021,post_2016_oos_wf,fixed_rule,2006-01-03,2020-12-31,2021-01-04,2021-12-31,0.3823850353274447,0.38060986455881474,-0.1859883167412978,0.24965563964180715
AAPL,2021,post_2016_oos_wf,buy_and_hold,2006-01-03,2020-12-31,2021-01-04,2021-12-31,0.38238503532744406,0.38060986455881407,-0.185988316741298,0.24965563964180731
AAPL,2021,post_2016_oos_wf,dca,2006-01-03,2020-12-31,2021-01-04,2021-12-31,0.2966152459647602,0.29527940614472836,-0.08909986260718883,0.14514757097412345
AAPL,2022,post_2016_oos_wf,ga_walkforward,2006-01-03,2021-12-31,2022-01-03,2022-12-30,-0.4126415733330143,-0.41015581075536933,-0.4278151381138383,0.30241909527157657
AAPL,2022,post_2016_oos_wf,fixed_rule,2006-01-03,2021-12-31,2022-01-03,2022-12-30,-0.33535959217026945,-0.3332012406928778,-0.3332012406928778,0.24047180871884843
AAPL,2022,post_2016_oos_wf,buy_and_hold,2006-01-03,2021-12-31,2022-01-03,2022-12-30,-0.2838955633190401,-0.2819952031731193,-0.30349152708936333,0.3560068283988762
AAPL,2022,post_2016_oos_wf,dca,2006-01-03,2021-12-31,2022-01-03,2022-12-30,-0.1729058982757613,-0.17165882493434692,-0.2388046561989673,0.22412149036586196
AAPL,2023,post_2016_oos_wf,ga_walkforward,2006-01-03,2022-12-30,2023-01-03,2023-12-29,0.28625508288952983,0.28240614629724803,-0.1493236116388128,0.18578584747599478
AAPL,2023,post_2016_oos_wf,fixed_rule,2006-01-03,2022-12-30,2023-01-03,2023-12-29,0.24232997452523697,0.23912493168825177,-0.14932361163881303,0.16664737260097073
AAPL,2023,post_2016_oos_wf,buy_and_hold,2006-01-03,2022-12-30,2023-01-03,2023-12-29,0.5561529934792067,0.5479821757253129,-0.14932361163881336,0.19914225478788528
AAPL,2023,post_2016_oos_wf,dca,2006-01-03,2022-12-30,2023-01-03,2023-12-29,0.1533415704490384,0.15138442720176593,-0.11712847037294383,0.1151838140835734
AAPL,2024,post_2016_oos_wf,ga_walkforward,2006-01-03,2023-12-29,2024-01-02,2024-12-31,0.35720749013272224,0.3555635227198308,-0.15354765461654707,0.22375008961313814
AAPL,2024,post_2016_oos_wf,fixed_rule,2006-01-03,2023-12-29,2024-01-02,2024-12-31,0.3572074901327229,0.3555635227198315,-0.15354765461654696,0.22375008961313841
AAPL,2024,post_2016_oos_wf,buy_and_hold,2006-01-03,2023-12-29,2024-01-02,2024-12-31,0.35720749013272046,0.35556352271982905,-0.15354765461654662,0.22375008961313828
AAPL,2024,post_2016_oos_wf,dca,2006-01-03,2023-12-29,2024-01-02,2024-12-31,0.2568193534680938,0.2556798344310207,-0.0789038888621083,0.13084743605240284
AAPL,2025,post_2016_oos_wf,ga_walkforward,2006-01-03,2024-12-31,2025-01-02,2025-12-31,-0.011345704196853434,-0.011211396302345356,-0.1944368486154061,0.21046270898339461
AAPL,2025,post_2016_oos_wf,fixed_rule,2006-01-03,2024-12-31,2025-01-02,2025-12-31,-0.002933067083312868,-0.0028982002661867012,-0.18766411238855052,0.21029308114057071
AAPL,2025,post_2016_oos_wf,buy_and_hold,2006-01-03,2024-12-31,2025-01-02,2025-12-31,0.12143693796934207,0.11990787618677379,-0.30222577913940496,0.3239884562449935
AAPL,2025,post_2016_oos_wf,dca,2006-01-03,2024-12-31,2025-01-02,2025-12-31,0.1852258939451954,0.18283058612112635,-0.09402084514364284,0.14356882779868377
AAPL,2026,post_2016_oos_wf,ga_walkforward,2006-01-03,2025-12-31,2026-01-02,2026-05-15,0.33049709161733465,0.10987719183252409,-0.11239466456183578,0.24622272282962432
AAPL,2026,post_2016_oos_wf,fixed_rule,2006-01-03,2025-12-31,2026-01-02,2026-05-15,0.33049709161733465,0.10987719183252409,-0.11239466456183556,0.2462227228296243
AAPL,2026,post_2016_oos_wf,buy_and_hold,2006-01-03,2025-12-31,2026-01-02,2026-05-15,0.33049709161733465,0.10987719183252409,-0.11239466456183578,0.24622272282962457
AAPL,2026,post_2016_oos_wf,dca,2006-01-03,2025-12-31,2026-01-02,2026-05-15,0.36888062243667297,0.121461213524658,-0.05922352373541995,0.14337363318617327
MSFT,2011,pre_2016_internal_wf,ga_walkforward,2006-01-03,2010-12-31,2011-01-03,2011-12-30,-0.04773007247822836,-0.047545243335233134,-0.16846307704005326,0.23441317892010932
MSFT,2011,pre_2016_internal_wf,fixed_rule,2006-01-03,2010-12-31,2011-01-03,2011-12-30,-0.04773007247822758,-0.04754524333523236,-0.16846307704005314,0.2344131789201095
MSFT,2011,pre_2016_internal_wf,buy_and_hold,2006-01-03,2010-12-31,2011-01-03,2011-12-30,-0.04773007247822658,-0.04754524333523136,-0.1684630770400526,0.2344131789201096
MSFT,2011,pre_2016_internal_wf,dca,2006-01-03,2010-12-31,2011-01-03,2011-12-30,0.011805981250686326,0.011758857748078944,-0.0937740010225202,0.15364608040536004
MSFT,2012,pre_2016_internal_wf,ga_walkforward,2006-01-03,2011-12-30,2012-01-03,2012-12-31,0.026293406146731257,0.02597635885088767,-0.1799565179806798,0.20555261557173526
MSFT,2012,pre_2016_internal_wf,fixed_rule,2006-01-03,2011-12-30,2012-01-03,2012-12-31,0.02629340614672926,0.025976358850885672,-0.17995651798068102,0.20555261557173524
MSFT,2012,pre_2016_internal_wf,buy_and_hold,2006-01-03,2011-12-30,2012-01-03,2012-12-31,0.026293406146730813,0.025976358850887227,-0.1799565179806808,0.20555261557173496
MSFT,2012,pre_2016_internal_wf,dca,2006-01-03,2011-12-30,2012-01-03,2012-12-31,-0.08673322713972809,-0.08574628733606171,-0.13353173813204566,0.12149936395527508
MSFT,2013,pre_2016_internal_wf,ga_walkforward,2006-01-03,2012-12-31,2013-01-02,2013-12-31,0.3972915698455126,0.3954378639842129,-0.13511168741125856,0.24722077140325086
MSFT,2013,pre_2016_internal_wf,fixed_rule,2006-01-03,2012-12-31,2013-01-02,2013-12-31,0.3972915698455146,0.3954378639842149,-0.13511168741125834,0.24722077140325102
MSFT,2013,pre_2016_internal_wf,buy_and_hold,2006-01-03,2012-12-31,2013-01-02,2013-12-31,0.39729156984551306,0.3954378639842133,-0.1351116874112589,0.24722077140325094
MSFT,2013,pre_2016_internal_wf,dca,2006-01-03,2012-12-31,2013-01-02,2013-12-31,0.19718897041919559,0.19633425336064736,-0.08720759847734405,0.16013257335288664
MSFT,2014,pre_2016_internal_wf,ga_walkforward,2006-01-03,2013-12-31,2014-01-02,2014-12-31,0.2855088625575002,0.2842283042943625,-0.10058913000383651,0.19001202245359458
MSFT,2014,pre_2016_internal_wf,fixed_rule,2006-01-03,2013-12-31,2014-01-02,2014-12-31,0.28550886255750196,0.2842283042943641,-0.10058913000383651,0.1900120224535946
MSFT,2014,pre_2016_internal_wf,buy_and_hold,2006-01-03,2013-12-31,2014-01-02,2014-12-31,0.28550886255750174,0.28422830429436385,-0.1005891300038364,0.19001202245359466
MSFT,2014,pre_2016_internal_wf,dca,2006-01-03,2013-12-31,2014-01-02,2014-12-31,0.12916498144593258,0.1286207905544512,-0.08366206555300137,0.1183729387810043
MSFT,2015,pre_2016_internal_wf,ga_walkforward,2006-01-03,2014-12-31,2015-01-02,2015-12-31,0.21974624307676582,0.21878513836831082,-0.16595555777014248,0.2820027841955251
MSFT,2015,pre_2016_internal_wf,fixed_rule,2006-01-03,2014-12-31,2015-01-02,2015-12-31,0.2197462430767676,0.21878513836831237,-0.16595555777014181,0.28200278419552494
MSFT,2015,pre_2016_internal_wf,buy_and_hold,2006-01-03,2014-12-31,2015-01-02,2015-12-31,0.21974624307676693,0.2187851383683117,-0.16595555777014248,0.28200278419552494
MSFT,2015,pre_2016_internal_wf,dca,2006-01-03,2014-12-31,2015-01-02,2015-12-31,0.22928252295259077,0.22827594468206214,-0.1008418697070198,0.16718909910181742
MSFT,2016,post_2016_oos_wf,ga_walkforward,2006-01-03,2015-12-31,2016-01-04,2016-12-30,0.1657662859850224,0.16505696364618383,-0.1362247868778539,0.22654897144794622
MSFT,2016,post_2016_oos_wf,fixed_rule,2006-01-03,2015-12-31,2016-01-04,2016-12-30,0.1657662859850224,0.16505696364618383,-0.1362247868778539,0.22654897144794656
MSFT,2016,post_2016_oos_wf,buy_and_hold,2006-01-03,2015-12-31,2016-01-04,2016-12-30,0.16576628598502174,0.16505696364618316,-0.136224786877854,0.22654897144794658
MSFT,2016,post_2016_oos_wf,dca,2006-01-03,2015-12-31,2016-01-04,2016-12-30,0.14533437005270256,0.14471779796393558,-0.05651796927924302,0.11358694470467795
MSFT,2017,post_2016_oos_wf,ga_walkforward,2006-01-03,2016-12-30,2017-01-03,2017-12-29,0.4011570866838807,0.39741124534615446,-0.05998345383092951,0.1479169557819394
MSFT,2017,post_2016_oos_wf,fixed_rule,2006-01-03,2016-12-30,2017-01-03,2017-12-29,0.4011570866838796,0.39741124534615335,-0.05998345383092918,0.1479169557819396
MSFT,2017,post_2016_oos_wf,buy_and_hold,2006-01-03,2016-12-30,2017-01-03,2017-12-29,0.4011570866838803,0.397411245346154,-0.05998345383092929,0.1479169557819398
MSFT,2017,post_2016_oos_wf,dca,2006-01-03,2016-12-30,2017-01-03,2017-12-29,0.2307712116027112,0.22874463957162883,-0.044288044353492095,0.1043795391968442
MSFT,2018,post_2016_oos_wf,ga_walkforward,2006-01-03,2017-12-29,2018-01-02,2018-12-31,0.20396332284048668,0.2021909911067219,-0.1822799387146835,0.28261305041179285
MSFT,2018,post_2016_oos_wf,fixed_rule,2006-01-03,2017-12-29,2018-01-02,2018-12-31,0.20396332284048735,0.20219099110672256,-0.18227993871468418,0.2826130504117927
MSFT,2018,post_2016_oos_wf,buy_and_hold,2006-01-03,2017-12-29,2018-01-02,2018-12-31,0.20396332284048713,0.20219099110672234,-0.18227993871468395,0.28261305041179285
MSFT,2018,post_2016_oos_wf,dca,2006-01-03,2017-12-29,2018-01-02,2018-12-31,0.02676452385169048,0.026549311961706845,-0.17528271358168368,0.19455334785130118
MSFT,2019,post_2016_oos_wf,ga_walkforward,2006-01-03,2018-12-31,2019-01-02,2019-12-31,0.5854897423625225,0.5825926239636179,-0.078992394027534,0.1981836148568039
MSFT,2019,post_2016_oos_wf,fixed_rule,2006-01-03,2018-12-31,2019-01-02,2019-12-31,0.5854897423625223,0.5825926239636177,-0.07899239402753422,0.1981836148568039
MSFT,2019,post_2016_oos_wf,buy_and_hold,2006-01-03,2018-12-31,2019-01-02,2019-12-31,0.58548974236252,0.5825926239636154,-0.07899239402753377,0.1981836148568038
MSFT,2019,post_2016_oos_wf,dca,2006-01-03,2018-12-31,2019-01-02,2019-12-31,0.2727709748453122,0.2715533522163407,-0.04392991740345509,0.10889472557149066
MSFT,2020,post_2016_oos_wf,ga_walkforward,2006-01-03,2019-12-31,2020-01-02,2020-12-31,0.39942891250291246,0.39942891250291246,-0.2803926332022154,0.43852037365306523
MSFT,2020,post_2016_oos_wf,fixed_rule,2006-01-03,2019-12-31,2020-01-02,2020-12-31,0.22266063039786022,0.22266063039786022,-0.3712895389917904,0.4155627886225101
MSFT,2020,post_2016_oos_wf,buy_and_hold,2006-01-03,2019-12-31,2020-01-02,2020-12-31,0.3994289125029131,0.3994289125029131,-0.2803926332022154,0.4385203736530649
MSFT,2020,post_2016_oos_wf,dca,2006-01-03,2019-12-31,2020-01-02,2020-12-31,0.18769390322945334,0.18769390322945334,-0.1070273257186869,0.19837854316044629
MSFT,2021,post_2016_oos_wf,ga_walkforward,2006-01-03,2020-12-31,2021-01-04,2021-12-31,0.5606534919522992,0.5578993610399094,-0.08768199476404515,0.20921329776306538
MSFT,2021,post_2016_oos_wf,fixed_rule,2006-01-03,2020-12-31,2021-01-04,2021-12-31,0.5606534919522981,0.5578993610399083,-0.08768199476404526,0.20921329776306555
MSFT,2021,post_2016_oos_wf,buy_and_hold,2006-01-03,2020-12-31,2021-01-04,2021-12-31,0.5606534919522979,0.5578993610399081,-0.08768199476404537,0.20921329776306538
MSFT,2021,post_2016_oos_wf,dca,2006-01-03,2020-12-31,2021-01-04,2021-12-31,0.27263508768471034,0.2714181337452457,-0.06606551511527714,0.1309229282517728
MSFT,2022,post_2016_oos_wf,ga_walkforward,2006-01-03,2021-12-31,2022-01-03,2022-12-30,-0.30242213731097456,-0.3004254240966282,-0.3004254240966282,0.28832223025755205
MSFT,2022,post_2016_oos_wf,fixed_rule,2006-01-03,2021-12-31,2022-01-03,2022-12-30,-0.2349465566643797,-0.23331872695249212,-0.2502302915285307,0.19548309588101442
MSFT,2022,post_2016_oos_wf,buy_and_hold,2006-01-03,2021-12-31,2022-01-03,2022-12-30,-0.27874470335470747,-0.27687180834447356,-0.35578830657117944,0.35311477904402994
MSFT,2022,post_2016_oos_wf,dca,2006-01-03,2021-12-31,2022-01-03,2022-12-30,-0.12138190111882974,-0.12047907624283505,-0.20835445573310096,0.21544972550972277
MSFT,2023,post_2016_oos_wf,ga_walkforward,2006-01-03,2022-12-30,2023-01-03,2023-12-29,0.5360341002713265,0.5282056443847416,-0.12987591143150778,0.23614767987258758
MSFT,2023,post_2016_oos_wf,fixed_rule,2006-01-03,2022-12-30,2023-01-03,2023-12-29,0.5922909072359615,0.5834975155826327,-0.1298759114315069,0.2506985970216291
MSFT,2023,post_2016_oos_wf,buy_and_hold,2006-01-03,2022-12-30,2023-01-03,2023-12-29,0.5922909072359637,0.5834975155826347,-0.12987591143150679,0.2506985970216294
MSFT,2023,post_2016_oos_wf,dca,2006-01-03,2022-12-30,2023-01-03,2023-12-29,0.25020491008894385,0.24688575140164715,-0.09201981702114104,0.1347614129399215
MSFT,2024,post_2016_oos_wf,ga_walkforward,2006-01-03,2023-12-29,2024-01-02,2024-12-31,0.145633319954537,0.14501540110634759,-0.15486787688862502,0.19909759044443465
MSFT,2024,post_2016_oos_wf,fixed_rule,2006-01-03,2023-12-29,2024-01-02,2024-12-31,0.14563331995453965,0.14501540110635025,-0.15486787688862447,0.1990975904444344
MSFT,2024,post_2016_oos_wf,buy_and_hold,2006-01-03,2023-12-29,2024-01-02,2024-12-31,0.14563331995453788,0.14501540110634847,-0.1548678768886249,0.19909759044443465
MSFT,2024,post_2016_oos_wf,dca,2006-01-03,2023-12-29,2024-01-02,2024-12-31,0.024682281044663412,0.024583141345360326,-0.09934668355863951,0.12460605324286247
MSFT,2025,post_2016_oos_wf,ga_walkforward,2006-01-03,2024-12-31,2025-01-02,2025-12-31,0.16603586565991346,0.16390549758461592,-0.2055660492931436,0.2424991235864998
MSFT,2025,post_2016_oos_wf,fixed_rule,2006-01-03,2024-12-31,2025-01-02,2025-12-31,-0.01768131124650274,-0.017472669242723504,-0.1953769058273529,0.19325905464257978
MSFT,2025,post_2016_oos_wf,buy_and_hold,2006-01-03,2024-12-31,2025-01-02,2025-12-31,0.16603586565991257,0.16390549758461503,-0.20556604929314382,0.2424991235864996
MSFT,2025,post_2016_oos_wf,dca,2006-01-03,2024-12-31,2025-01-02,2025-12-31,0.06760578493328206,0.06677466539489463,-0.11543120637696669,0.12061034752875655
MSFT,2026,post_2016_oos_wf,ga_walkforward,2006-01-03,2025-12-31,2026-01-02,2026-05-15,-0.43099624361159916,-0.18605026068090647,-0.20377811087348408,0.23480970139881036
MSFT,2026,post_2016_oos_wf,fixed_rule,2006-01-03,2025-12-31,2026-01-02,2026-05-15,-0.23020717652862654,-0.0910972023230876,-0.11089313302798609,0.1942482152612109
MSFT,2026,post_2016_oos_wf,buy_and_hold,2006-01-03,2025-12-31,2026-01-02,2026-05-15,-0.263933343727081,-0.10584214584820706,-0.2603795532253408,0.3212676746797708
MSFT,2026,post_2016_oos_wf,dca,2006-01-03,2025-12-31,2026-01-02,2026-05-15,0.0625371800735317,0.022392606850185404,-0.10481182315991766,0.17302557712298483
V,2013,pre_2016_internal_wf,ga_walkforward,2008-03-19,2012-12-31,2013-01-02,2013-12-31,0.4464727878374073,0.4443555545268998,-0.10873354043287886,0.2122188316651334
V,2013,pre_2016_internal_wf,fixed_rule,2008-03-19,2012-12-31,2013-01-02,2013-12-31,0.44647278783740507,0.44435555452689757,-0.10873354043287942,0.21221883166513342
V,2013,pre_2016_internal_wf,buy_and_hold,2008-03-19,2012-12-31,2013-01-02,2013-12-31,0.44647278783740596,0.44435555452689846,-0.1087335404328792,0.21221883166513347
V,2013,pre_2016_internal_wf,dca,2008-03-19,2012-12-31,2013-01-02,2013-12-31,0.27455428107260915,0.2733278776340069,-0.06994505309484822,0.13275606789005895
V,2014,pre_2016_internal_wf,ga_walkforward,2008-03-19,2013-12-31,2014-01-02,2014-12-31,0.19617273643569622,0.1953227729952336,-0.154537380555699,0.21260762514776652
V,2014,pre_2016_internal_wf,fixed_rule,2008-03-19,2013-12-31,2014-01-02,2014-12-31,0.19617273643569688,0.19532277299523404,-0.15453738055569854,0.21260762514776665
V,2014,pre_2016_internal_wf,buy_and_hold,2008-03-19,2013-12-31,2014-01-02,2014-12-31,0.19617273643569466,0.19532277299523204,-0.15453738055569877,0.21260762514776654
V,2014,pre_2016_internal_wf,dca,2008-03-19,2013-12-31,2014-01-02,2014-12-31,0.20196102016691975,0.20108393546684766,-0.07239801009890678,0.13246723387742532
V,2015,pre_2016_internal_wf,ga_walkforward,2008-03-19,2014-12-31,2015-01-02,2015-12-31,0.1794693237090319,0.17869700268729338,-0.1217633897126047,0.22068049706277212
V,2015,pre_2016_internal_wf,fixed_rule,2008-03-19,2014-12-31,2015-01-02,2015-12-31,0.17946932370903235,0.17869700268729383,-0.12176338971260459,0.2206804970627724
V,2015,pre_2016_internal_wf,buy_and_hold,2008-03-19,2014-12-31,2015-01-02,2015-12-31,0.17946932370903257,0.17869700268729405,-0.12176338971260459,0.22068049706277246
V,2015,pre_2016_internal_wf,dca,2008-03-19,2014-12-31,2015-01-02,2015-12-31,0.12079939867203637,0.12029229752682746,-0.0838286982479991,0.14370946996499906
V,2016,post_2016_oos_wf,ga_walkforward,2008-03-19,2015-12-31,2016-01-04,2016-12-30,0.03864265317666371,0.038486395706058385,-0.11144635458588148,0.21330437378109746
V,2016,post_2016_oos_wf,fixed_rule,2008-03-19,2015-12-31,2016-01-04,2016-12-30,0.038642653176663266,0.03848639570605794,-0.11144635458588148,0.2133043737810977
V,2016,post_2016_oos_wf,buy_and_hold,2008-03-19,2015-12-31,2016-01-04,2016-12-30,0.03864265317666282,0.0384863957060575,-0.11144635458588181,0.21330437378109757
V,2016,post_2016_oos_wf,dca,2008-03-19,2015-12-31,2016-01-04,2016-12-30,0.008047664759674777,0.008015601933507588,-0.08472407887324207,0.1101860271935622
V,2017,post_2016_oos_wf,ga_walkforward,2008-03-19,2016-12-30,2017-01-03,2017-12-29,0.44862089674131234,0.4443662341690875,-0.05231131429541269,0.12882485641716737
V,2017,post_2016_oos_wf,fixed_rule,2008-03-19,2016-12-30,2017-01-03,2017-12-29,0.44862089674131234,0.4443662341690875,-0.05231131429541269,0.12882485641716737
V,2017,post_2016_oos_wf,buy_and_hold,2008-03-19,2016-12-30,2017-01-03,2017-12-29,0.4486208967413119,0.44436623416908705,-0.05231131429541269,0.1288248564171671
V,2017,post_2016_oos_wf,dca,2008-03-19,2016-12-30,2017-01-03,2017-12-29,0.20706947775381446,0.20526792630026347,-0.050743377366536335,0.08712599538065059
V,2018,post_2016_oos_wf,ga_walkforward,2008-03-19,2017-12-29,2018-01-02,2018-12-31,0.16126813483858737,0.15989098183037576,-0.19126878201770225,0.25306647968355556
V,2018,post_2016_oos_wf,fixed_rule,2008-03-19,2017-12-29,2018-01-02,2018-12-31,0.16126813483858737,0.15989098183037576,-0.19126878201770292,0.2530664796835554
V,2018,post_2016_oos_wf,buy_and_hold,2008-03-19,2017-12-29,2018-01-02,2018-12-31,0.16126813483858737,0.15989098183037576,-0.1912687820177026,0.2530664796835555
V,2018,post_2016_oos_wf,dca,2008-03-19,2017-12-29,2018-01-02,2018-12-31,0.005453340838807108,0.005409943494867564,-0.18482558316438713,0.18223947831047532
V,2019,post_2016_oos_wf,ga_walkforward,2008-03-19,2018-12-31,2019-01-02,2019-12-31,0.42470262731685926,0.42270287267662954,-0.085657284824875,0.18009759133993755
V,2019,post_2016_oos_wf,fixed_rule,2008-03-19,2018-12-31,2019-01-02,2019-12-31,0.4247026273168595,0.42270287267662976,-0.08565728482487511,0.18009759133993755
V,2019,post_2016_oos_wf,buy_and_hold,2008-03-19,2018-12-31,2019-01-02,2019-12-31,0.4247026273168586,0.42270287267662887,-0.08565728482487522,0.18009759133993758
V,2019,post_2016_oos_wf,dca,2008-03-19,2018-12-31,2019-01-02,2019-12-31,0.16095020104588564,0.16026286957141433,-0.0686785613972648,0.11025155045180386
V,2020,post_2016_oos_wf,ga_walkforward,2008-03-19,2019-12-31,2020-01-02,2020-12-31,0.025811740831659824,0.025811740831659824,-0.24222825790461833,0.25316473708633447
V,2020,post_2016_oos_wf,fixed_rule,2008-03-19,2019-12-31,2020-01-02,2020-12-31,-0.006158066523800354,-0.006158066523800354,-0.28227257254888216,0.28309965033512696
V,2020,post_2016_oos_wf,buy_and_hold,2008-03-19,2019-12-31,2020-01-02,2020-12-31,0.15150860214073458,0.15150860214073458,-0.36364894902859,0.4265629757230091
V,2020,post_2016_oos_wf,dca,2008-03-19,2019-12-31,2020-01-02,2020-12-31,0.15116643384977535,0.15116643384977535,-0.1359000262459361,0.1748254107368412
V,2021,post_2016_oos_wf,ga_walkforward,2008-03-19,2020-12-31,2021-01-04,2021-12-31,-0.09763424605854554,-0.09726629462948655,-0.2189461004433373,0.22430527160663855
V,2021,post_2016_oos_wf,fixed_rule,2008-03-19,2020-12-31,2021-01-04,2021-12-31,-0.09763424605854543,-0.09726629462948644,-0.2189461004433375,0.22430527160663852
V,2021,post_2016_oos_wf,buy_and_hold,2008-03-19,2020-12-31,2021-01-04,2021-12-31,0.0012964654960518907,0.0012913174714108688,-0.23981012066525054,0.24122568828239782
V,2021,post_2016_oos_wf,dca,2008-03-19,2020-12-31,2021-01-04,2021-12-31,-0.009842670572521528,-0.009803804445537523,-0.19783496742407514,0.160625721074504
V,2022,post_2016_oos_wf,ga_walkforward,2008-03-19,2021-12-31,2022-01-03,2022-12-30,-0.16680800936599693,-0.16560038749992623,-0.22629099068915126,0.28238332741837835
V,2022,post_2016_oos_wf,fixed_rule,2008-03-19,2021-12-31,2022-01-03,2022-12-30,-0.17694434963497307,-0.1756713437217744,-0.2305445728519222,0.23685604437987903
V,2022,post_2016_oos_wf,buy_and_hold,2008-03-19,2021-12-31,2022-01-03,2022-12-30,-0.0550625642330651,-0.05463772268609479,-0.2413786904810854,0.3088294035606543
V,2022,post_2016_oos_wf,dca,2008-03-19,2021-12-31,2022-01-03,2022-12-30,-0.005388961581417329,-0.005346306579694149,-0.1311058876866753,0.16586026657294073
V,2023,post_2016_oos_wf,ga_walkforward,2008-03-19,2022-12-30,2023-01-03,2023-12-29,0.26892603249579095,0.26533325625321535,-0.077787939157826,0.15551735948858275
V,2023,post_2016_oos_wf,fixed_rule,2008-03-19,2022-12-30,2023-01-03,2023-12-29,0.26892603249579206,0.26533325625321647,-0.07778793915782622,0.15551735948858308
V,2023,post_2016_oos_wf,buy_and_hold,2008-03-19,2022-12-30,2023-01-03,2023-12-29,0.2689260324957943,0.2653332562532187,-0.07778793915782622,0.1555173594885832
V,2023,post_2016_oos_wf,dca,2008-03-19,2022-12-30,2023-01-03,2023-12-29,0.12680722951273493,0.1252068497439287,-0.06033580329885724,0.08713631453843845
V,2024,post_2016_oos_wf,ga_walkforward,2008-03-19,2023-12-29,2024-01-02,2024-12-31,0.23119181361964625,0.2301760957580945,-0.12453226049037991,0.16871462779081606
V,2024,post_2016_oos_wf,fixed_rule,2008-03-19,2023-12-29,2024-01-02,2024-12-31,0.2311918136196418,0.23017609575809006,-0.12453226049037969,0.1687146277908161
V,2024,post_2016_oos_wf,buy_and_hold,2008-03-19,2023-12-29,2024-01-02,2024-12-31,0.23119181361964536,0.2301760957580936,-0.12453226049037969,0.16871462779081628
V,2024,post_2016_oos_wf,dca,2008-03-19,2023-12-29,2024-01-02,2024-12-31,0.14811906422523036,0.14748993525462128,-0.05745849028491312,0.11334855507026746
V,2025,post_2016_oos_wf,ga_walkforward,2008-03-19,2024-12-31,2025-01-02,2025-12-31,0.1249888497558771,0.12341265198138163,-0.15009242659174482,0.22529883195485045
V,2025,post_2016_oos_wf,fixed_rule,2008-03-19,2024-12-31,2025-01-02,2025-12-31,0.12498884975587843,0.12341265198138296,-0.1500924265917446,0.22529883195485034
V,2025,post_2016_oos_wf,buy_and_hold,2008-03-19,2024-12-31,2025-01-02,2025-12-31,0.12498884975587798,0.12341265198138252,-0.1500924265917445,0.22529883195485065
V,2025,post_2016_oos_wf,dca,2008-03-19,2024-12-31,2025-01-02,2025-12-31,0.02335783767011801,0.023076584273060696,-0.09841147979837328,0.12554889454548074
V,2026,post_2016_oos_wf,ga_walkforward,2008-03-19,2025-12-31,2026-01-02,2026-05-15,-0.14587301483494264,-0.05593856502551431,-0.17180512273245274,0.25652346587687447
V,2026,post_2016_oos_wf,fixed_rule,2008-03-19,2025-12-31,2026-01-02,2026-05-15,-0.35141075777040587,-0.14620416393744795,-0.17266137071736543,0.19155651826934744
V,2026,post_2016_oos_wf,buy_and_hold,2008-03-19,2025-12-31,2026-01-02,2026-05-15,-0.1458730148349443,-0.055938565025514975,-0.17180512273245296,0.2565234658768747
V,2026,post_2016_oos_wf,dca,2008-03-19,2025-12-31,2026-01-02,2026-05-15,0.017044893055396138,0.006189376323296081,-0.07317777202336284,0.15557680555892747
MA,2011,pre_2016_internal_wf,ga_walkforward,2006-05-25,2010-12-31,2011-01-03,2011-12-30,0.6953549824266902,0.6918072528743633,-0.13741239057928312,0.38377905913395893
MA,2011,pre_2016_internal_wf,fixed_rule,2006-05-25,2010-12-31,2011-01-03,2011-12-30,0.6953549824266887,0.6918072528743617,-0.137412390579283,0.38377905913395916
MA,2011,pre_2016_internal_wf,buy_and_hold,2006-05-25,2010-12-31,2011-01-03,2011-12-30,0.6953549824266874,0.6918072528743604,-0.137412390579283,0.3837790591339588
MA,2011,pre_2016_internal_wf,dca,2006-05-25,2010-12-31,2011-01-03,2011-12-30,0.31878300235928503,0.3173357035438438,-0.10475850400216713,0.2729614766387296
MA,2012,pre_2016_internal_wf,ga_walkforward,2006-05-25,2011-12-30,2012-01-03,2012-12-31,0.34157188142328954,0.3368871024469575,-0.14379988323375392,0.22526434717344893
MA,2012,pre_2016_internal_wf,fixed_rule,2006-05-25,2011-12-30,2012-01-03,2012-12-31,0.34157188142329153,0.3368871024469595,-0.1437998832337538,0.225264347173449
MA,2012,pre_2016_internal_wf,buy_and_hold,2006-05-25,2011-12-30,2012-01-03,2012-12-31,0.34157188142328954,0.3368871024469575,-0.14379988323375414,0.22526434717344904
MA,2012,pre_2016_internal_wf,dca,2006-05-25,2011-12-30,2012-01-03,2012-12-31,0.1620134879634687,0.15993818524848202,-0.06412143389715175,0.12041008022517988
MA,2013,pre_2016_internal_wf,ga_walkforward,2006-05-25,2012-12-31,2013-01-02,2013-12-31,0.6464930947663536,0.6432383006692743,-0.07327228045043421,0.17814888916714722
MA,2013,pre_2016_internal_wf,fixed_rule,2006-05-25,2012-12-31,2013-01-02,2013-12-31,0.6464930947663523,0.643238300669273,-0.07327228045043388,0.1781488891671469
MA,2013,pre_2016_internal_wf,buy_and_hold,2006-05-25,2012-12-31,2013-01-02,2013-12-31,0.6464930947663503,0.643238300669271,-0.0732722804504341,0.17814888916714686
MA,2013,pre_2016_internal_wf,dca,2006-05-25,2012-12-31,2013-01-02,2013-12-31,0.41706499911789585,0.4151061494371029,-0.051589365129888876,0.11171796466830868
MA,2014,pre_2016_internal_wf,ga_walkforward,2006-05-25,2013-12-31,2014-01-02,2014-12-31,0.039053761576149926,0.03889581079819093,-0.18462722785764552,0.2429140465785256
MA,2014,pre_2016_internal_wf,fixed_rule,2006-05-25,2013-12-31,2014-01-02,2014-12-31,0.03905376157615059,0.0388958107981916,-0.18462722785764596,0.2429140465785256
MA,2014,pre_2016_internal_wf,buy_and_hold,2006-05-25,2013-12-31,2014-01-02,2014-12-31,0.03905376157615059,0.0388958107981916,-0.18462722785764518,0.24291404657852547
MA,2014,pre_2016_internal_wf,dca,2006-05-25,2013-12-31,2014-01-02,2014-12-31,0.11740627357796352,0.11691414601621664,-0.08059914643953758,0.14443878713150013
MA,2015,pre_2016_internal_wf,ga_walkforward,2006-05-25,2014-12-31,2015-01-02,2015-12-31,0.1451017564597128,0.14448623207425548,-0.1177723944100123,0.20843004765348364
MA,2015,pre_2016_internal_wf,fixed_rule,2006-05-25,2014-12-31,2015-01-02,2015-12-31,0.14510175645971413,0.14448623207425682,-0.11777239441001208,0.20843004765348358
MA,2015,pre_2016_internal_wf,buy_and_hold,2006-05-25,2014-12-31,2015-01-02,2015-12-31,0.14510175645971235,0.14448623207425504,-0.11777239441001242,0.20843004765348358
MA,2015,pre_2016_internal_wf,dca,2006-05-25,2014-12-31,2015-01-02,2015-12-31,0.06865435018335675,0.06837280431849124,-0.08012125318912067,0.1324745234171951
MA,2016,post_2016_oos_wf,ga_walkforward,2006-05-25,2015-12-31,2016-01-04,2016-12-30,0.09823331574083705,0.09782502835995155,-0.14926179653753724,0.20698778195713827
MA,2016,post_2016_oos_wf,fixed_rule,2006-05-25,2015-12-31,2016-01-04,2016-12-30,-0.047822137744159554,-0.047636961078736606,-0.20211093165795346,0.19100594902730586
MA,2016,post_2016_oos_wf,buy_and_hold,2006-05-25,2015-12-31,2016-01-04,2016-12-30,0.09823331574083705,0.09782502835995155,-0.14926179653753735,0.20698778195713813
MA,2016,post_2016_oos_wf,dca,2006-05-25,2015-12-31,2016-01-04,2016-12-30,0.08251438825112145,0.08217385155833168,-0.058936638307003575,0.1103703477933678
MA,2017,post_2016_oos_wf,ga_walkforward,2006-05-25,2016-12-30,2017-01-03,2017-12-29,0.4511496717267376,0.4468675540180831,-0.06978384680699279,0.1404981198575038
MA,2017,post_2016_oos_wf,fixed_rule,2006-05-25,2016-12-30,2017-01-03,2017-12-29,0.4511496717267378,0.4468675540180833,-0.06978384680699268,0.14049811985750388
MA,2017,post_2016_oos_wf,buy_and_hold,2006-05-25,2016-12-30,2017-01-03,2017-12-29,0.45114967172673803,0.44686755401808353,-0.06978384680699279,0.1404981198575042
MA,2017,post_2016_oos_wf,dca,2006-05-25,2016-12-30,2017-01-03,2017-12-29,0.23583562651130086,0.23376050610238153,-0.06792597942843925,0.09953868615279896
MA,2018,post_2016_oos_wf,ga_walkforward,2006-05-25,2017-12-29,2018-01-02,2018-12-31,0.25081171291801185,0.24859207719271637,-0.21860720018935742,0.28397417536752345
MA,2018,post_2016_oos_wf,fixed_rule,2006-05-25,2017-12-29,2018-01-02,2018-12-31,0.15965950348214086,0.15829700116604428,-0.2170086875920776,0.2752449678351457
MA,2018,post_2016_oos_wf,buy_and_hold,2006-05-25,2017-12-29,2018-01-02,2018-12-31,0.2508117129180103,0.2485920771927148,-0.21860720018935698,0.28397417536752334
MA,2018,post_2016_oos_wf,dca,2006-05-25,2017-12-29,2018-01-02,2018-12-31,0.0008369502796898853,0.0008303050602835871,-0.20835777873917616,0.21247451374013565
MA,2019,post_2016_oos_wf,ga_walkforward,2006-05-25,2018-12-31,2019-01-02,2019-12-31,0.5853328238904216,0.582436613747874,-0.10583852552417428,0.21329320991030762
MA,2019,post_2016_oos_wf,fixed_rule,2006-05-25,2018-12-31,2019-01-02,2019-12-31,0.46991364581849915,0.4676684729060947,-0.10583852552417439,0.19841469123654992
MA,2019,post_2016_oos_wf,buy_and_hold,2006-05-25,2018-12-31,2019-01-02,2019-12-31,0.5853328238904243,0.5824366137478767,-0.10583852552417405,0.21329320991030778
MA,2019,post_2016_oos_wf,dca,2006-05-25,2018-12-31,2019-01-02,2019-12-31,0.20854036095199247,0.207632314796784,-0.08575928635801,0.13303079068548046
MA,2020,post_2016_oos_wf,ga_walkforward,2006-05-25,2019-12-31,2020-01-02,2020-12-31,-0.10397597053932173,-0.10397597053932173,-0.3629031274079827,0.3796777016051185
MA,2020,post_2016_oos_wf,fixed_rule,2006-05-25,2019-12-31,2020-01-02,2020-12-31,-0.10111379984496893,-0.10111379984496893,-0.28473081092374997,0.2877921396744728
MA,2020,post_2016_oos_wf,buy_and_hold,2006-05-25,2019-12-31,2020-01-02,2020-12-31,0.18284822542728318,0.18284822542728318,-0.40997214370660884,0.48893615434785703
MA,2020,post_2016_oos_wf,dca,2006-05-25,2019-12-31,2020-01-02,2020-12-31,0.18330147952131792,0.18330147952131792,-0.17570256921972738,0.22209385368311668
MA,2021,post_2016_oos_wf,ga_walkforward,2006-05-25,2020-12-31,2021-01-04,2021-12-31,0.02740162182230521,0.027291414783538803,-0.22398999259593022,0.2838920129240303
MA,2021,post_2016_oos_wf,fixed_rule,2006-05-25,2020-12-31,2021-01-04,2021-12-31,-0.10095086944527532,-0.10057112797256362,-0.20291763084729963,0.2671267326781705
MA,2021,post_2016_oos_wf,buy_and_hold,2006-05-25,2020-12-31,2021-01-04,2021-12-31,0.02740162182230388,0.02729141478353747,-0.22398999259593133,0.28389201292403027
MA,2021,post_2016_oos_wf,dca,2006-05-25,2020-12-31,2021-01-04,2021-12-31,0.024509433464367625,0.024410996267468343,-0.17585327957487285,0.19112431800097301
MA,2022,post_2016_oos_wf,ga_walkforward,2006-05-25,2021-12-31,2022-01-03,2022-12-30,-0.180771697993927,-0.17947425929580096,-0.2480927022707311,0.2887279574311963
MA,2022,post_2016_oos_wf,fixed_rule,2006-05-25,2021-12-31,2022-01-03,2022-12-30,-0.2801695727283112,-0.27828905096453993,-0.38035367265057773,0.288182807793002
MA,2022,post_2016_oos_wf,buy_and_hold,2006-05-25,2021-12-31,2022-01-03,2022-12-30,-0.057547267178407524,-0.05710383977226996,-0.2825035720335042,0.3225525609480167
MA,2022,post_2016_oos_wf,dca,2006-05-25,2021-12-31,2022-01-03,2022-12-30,0.010335982183674375,0.01025353145801633,-0.15586654418365642,0.18008130002660222
MA,2023,post_2016_oos_wf,ga_walkforward,2006-05-25,2022-12-30,2023-01-03,2023-12-29,0.24052715682400838,0.23734815640341944,-0.12591326829579497,0.1717174798693218
MA,2023,post_2016_oos_wf,fixed_rule,2006-05-25,2022-12-30,2023-01-03,2023-12-29,0.24052715682400905,0.2373481564034201,-0.1259132682957952,0.1717174798693221
MA,2023,post_2016_oos_wf,buy_and_hold,2006-05-25,2022-12-30,2023-01-03,2023-12-29,0.24052715682400816,0.23734815640341922,-0.12591326829579497,0.17171747986932206
MA,2023,post_2016_oos_wf,dca,2006-05-25,2022-12-30,2023-01-03,2023-12-29,0.12401670666270803,0.12245342291889982,-0.10291458498423955,0.09976986087118325
MA,2024,post_2016_oos_wf,ga_walkforward,2006-05-25,2023-12-29,2024-01-02,2024-12-31,0.2564790765870115,0.25534121496729245,-0.11830336732174973,0.15827836886005436
MA,2024,post_2016_oos_wf,fixed_rule,2006-05-25,2023-12-29,2024-01-02,2024-12-31,0.25647907658701197,0.2553412149672929,-0.11830336732174906,0.1582783688600542
MA,2024,post_2016_oos_wf,buy_and_hold,2006-05-25,2023-12-29,2024-01-02,2024-12-31,0.25647907658701286,0.2553412149672938,-0.1183033673217494,0.15827836886005406
MA,2024,post_2016_oos_wf,dca,2006-05-25,2023-12-29,2024-01-02,2024-12-31,0.12833009993642497,0.12778962161410456,-0.04542262180513201,0.0984764598322346
MA,2025,post_2016_oos_wf,ga_walkforward,2006-05-25,2024-12-31,2025-01-02,2025-12-31,0.1003328630953444,0.09908112518959022,-0.16725364867998105,0.22740802113456524
MA,2025,post_2016_oos_wf,fixed_rule,2006-05-25,2024-12-31,2025-01-02,2025-12-31,0.10033286309534395,0.09908112518959,-0.1672536486799815,0.22740802113456518
MA,2025,post_2016_oos_wf,buy_and_hold,2006-05-25,2024-12-31,2025-01-02,2025-12-31,0.1003328630953444,0.09908112518959022,-0.16725364867998138,0.2274080211345653
MA,2025,post_2016_oos_wf,dca,2006-05-25,2024-12-31,2025-01-02,2025-12-31,0.02410109698173768,0.023810790245184066,-0.0982781939827514,0.12255059867557695
MA,2026,post_2016_oos_wf,ga_walkforward,2006-05-25,2025-12-31,2026-01-02,2026-05-15,-0.2944900855289072,-0.11957652109239347,-0.16433928415235521,0.25318633077840835
MA,2026,post_2016_oos_wf,fixed_rule,2006-05-25,2025-12-31,2026-01-02,2026-05-15,-0.29449008552890843,-0.11957652109239403,-0.16433928415235566,0.253186330778408
MA,2026,post_2016_oos_wf,buy_and_hold,2006-05-25,2025-12-31,2026-01-02,2026-05-15,-0.29449008552890843,-0.11957652109239403,-0.16433928415235566,0.253186330778408
MA,2026,post_2016_oos_wf,dca,2006-05-25,2025-12-31,2026-01-02,2026-05-15,-0.14286393764570504,-0.054725697494299674,-0.07315189333114702,0.1436251576869805
JPM,2011,pre_2016_internal_wf,ga_walkforward,2006-01-03,2010-12-31,2011-01-03,2011-12-30,-0.2561409046831834,-0.2552669368208845,-0.3246201512348583,0.2643524696105169
JPM,2011,pre_2016_internal_wf,fixed_rule,2006-01-03,2010-12-31,2011-01-03,2011-12-30,-0.12014563722673366,-0.11969861745927668,-0.20167662213070447,0.17268843748194218
JPM,2011,pre_2016_internal_wf,buy_and_hold,2006-01-03,2010-12-31,2011-01-03,2011-12-30,-0.2212694371209173,-0.22049622470756236,-0.3966262624374398,0.4039181112561701
JPM,2011,pre_2016_internal_wf,dca,2006-01-03,2010-12-31,2011-01-03,2011-12-30,-0.13477347352587055,-0.13427629268322305,-0.26921014416992695,0.2960858475171514
JPM,2012,pre_2016_internal_wf,ga_walkforward,2006-01-03,2011-12-30,2012-01-03,2012-12-31,-0.015208334644249422,-0.015028650430409463,-0.33913771131753256,0.22953408016503438
JPM,2012,pre_2016_internal_wf,fixed_rule,2006-01-03,2011-12-30,2012-01-03,2012-12-31,0.09365480862561792,0.09248983928328647,-0.24629980835033816,0.210405657228245
JPM,2012,pre_2016_internal_wf,buy_and_hold,2006-01-03,2011-12-30,2012-01-03,2012-12-31,0.2984873418039127,0.29445593556550564,-0.32563399659633474,0.28231887108265086
JPM,2012,pre_2016_internal_wf,dca,2006-01-03,2011-12-30,2012-01-03,2012-12-31,0.1553463145505165,0.15336192343652266,-0.14576821123264838,0.15231158482468674
JPM,2013,pre_2016_internal_wf,ga_walkforward,2006-01-03,2012-12-31,2013-01-02,2013-12-31,0.33857197368440306,0.3370239327035658,-0.1120525080106114,0.190180583135437
JPM,2013,pre_2016_internal_wf,fixed_rule,2006-01-03,2012-12-31,2013-01-02,2013-12-31,0.33857197368440284,0.33702393270356557,-0.11205250801061084,0.1901805831354372
JPM,2013,pre_2016_internal_wf,buy_and_hold,2006-01-03,2012-12-31,2013-01-02,2013-12-31,0.3385719736844026,0.33702393270356534,-0.11205250801061173,0.190180583135437
JPM,2013,pre_2016_internal_wf,dca,2006-01-03,2012-12-31,2013-01-02,2013-12-31,0.16550793067324499,0.16479979001591372,-0.07910776843927325,0.11869177579973386
JPM,2014,pre_2016_internal_wf,ga_walkforward,2006-01-03,2013-12-31,2014-01-02,2014-12-31,0.09715485083228259,0.09675124032829108,-0.12156521407760756,0.17837993124589263
JPM,2014,pre_2016_internal_wf,fixed_rule,2006-01-03,2013-12-31,2014-01-02,2014-12-31,0.09715485083228503,0.09675124032829352,-0.12156521407760745,0.1783799312458922
JPM,2014,pre_2016_internal_wf,buy_and_hold,2006-01-03,2013-12-31,2014-01-02,2014-12-31,0.09715485083228392,0.09675124032829241,-0.12156521407760779,0.17837993124589246
JPM,2014,pre_2016_internal_wf,dca,2006-01-03,2013-12-31,2014-01-02,2014-12-31,0.09503960805724576,0.09464515835910325,-0.0823950032608517,0.11255788254206195
JPM,2015,pre_2016_internal_wf,ga_walkforward,2006-01-03,2014-12-31,2015-01-02,2015-12-31,0.07867350713665,0.07834938854716667,-0.14611882183689184,0.22228733442752643
JPM,2015,pre_2016_internal_wf,fixed_rule,2006-01-03,2014-12-31,2015-01-02,2015-12-31,0.07867350713665044,0.07834938854716711,-0.14611882183689118,0.22228733442752602
JPM,2015,pre_2016_internal_wf,buy_and_hold,2006-01-03,2014-12-31,2015-01-02,2015-12-31,0.07867350713664978,0.07834938854716644,-0.1461188218368913,0.2222873344275263
JPM,2015,pre_2016_internal_wf,dca,2006-01-03,2014-12-31,2015-01-02,2015-12-31,0.05546040342870562,0.05523435357805595,-0.10151206352523034,0.1436598781369373
JPM,2016,post_2016_oos_wf,ga_walkforward,2006-01-03,2015-12-31,2016-01-04,2016-12-30,0.38883269485071814,0.3870236320510654,-0.16726806952475637,0.24458869069036626
JPM,2016,post_2016_oos_wf,fixed_rule,2006-01-03,2015-12-31,2016-01-04,2016-12-30,0.2296443226844438,0.22863601341215212,-0.19332820198164102,0.18484116798211533
JPM,2016,post_2016_oos_wf,buy_and_hold,2006-01-03,2015-12-31,2016-01-04,2016-12-30,0.3888326948507179,0.38702363205106516,-0.16726806952475637,0.24458869069036623
JPM,2016,post_2016_oos_wf,dca,2006-01-03,2015-12-31,2016-01-04,2016-12-30,0.3553562230383809,0.3537218304536387,-0.0644517348011876,0.1231076112636658
JPM,2017,post_2016_oos_wf,ga_walkforward,2006-01-03,2016-12-30,2017-01-03,2017-12-29,0.2562002040438047,0.25392822513328794,-0.11728644031823543,0.16208585159576433
JPM,2017,post_2016_oos_wf,fixed_rule,2006-01-03,2016-12-30,2017-01-03,2017-12-29,0.25620020404380384,0.25392822513328706,-0.11728644031823554,0.16208585159576447
JPM,2017,post_2016_oos_wf,buy_and_hold,2006-01-03,2016-12-30,2017-01-03,2017-12-29,0.2562002040438054,0.2539282251332886,-0.11728644031823487,0.16208585159576452
JPM,2017,post_2016_oos_wf,dca,2006-01-03,2016-12-30,2017-01-03,2017-12-29,0.1818885940269508,0.18032209552718115,-0.04344814507469019,0.09541118130646169
JPM,2018,post_2016_oos_wf,ga_walkforward,2006-01-03,2017-12-29,2018-01-02,2018-12-31,-0.07555088078149697,-0.07497433444296808,-0.21786043250651654,0.22093588224516356
JPM,2018,post_2016_oos_wf,fixed_rule,2006-01-03,2017-12-29,2018-01-02,2018-12-31,-0.10939935034411152,-0.10858005118101532,-0.20144738513139382,0.21549590856622455
JPM,2018,post_2016_oos_wf,buy_and_hold,2006-01-03,2017-12-29,2018-01-02,2018-12-31,-0.07555088078149763,-0.07497433444296875,-0.21786043250651643,0.22093588224516347
JPM,2018,post_2016_oos_wf,dca,2006-01-03,2017-12-29,2018-01-02,2018-12-31,-0.11182629580791725,-0.11098997618164685,-0.2070346895671833,0.13630269523380412
JPM,2019,post_2016_oos_wf,ga_walkforward,2006-01-03,2018-12-31,2019-01-02,2019-12-31,0.44964561509514134,0.4475111517702539,-0.1029703088317212,0.1865505030480834
JPM,2019,post_2016_oos_wf,fixed_rule,2006-01-03,2018-12-31,2019-01-02,2019-12-31,0.27241467809535913,0.27119880865146406,-0.10297030883172098,0.15681229451969617
JPM,2019,post_2016_oos_wf,buy_and_hold,2006-01-03,2018-12-31,2019-01-02,2019-12-31,0.4496456150951409,0.44751115177025347,-0.10297030883172098,0.18655050304808335
JPM,2019,post_2016_oos_wf,dca,2006-01-03,2018-12-31,2019-01-02,2019-12-31,0.27262923377548676,0.27141230864133914,-0.06831040616396833,0.11182305405458062
JPM,2020,post_2016_oos_wf,ga_walkforward,2006-01-03,2019-12-31,2020-01-02,2020-12-31,-0.2702936479249358,-0.2702936479249358,-0.4806389600689581,0.3578900994625715
JPM,2020,post_2016_oos_wf,fixed_rule,2006-01-03,2019-12-31,2020-01-02,2020-12-31,-0.04684028413315677,-0.04684028413315677,-0.3113418475571752,0.25092489173442195
JPM,2020,post_2016_oos_wf,buy_and_hold,2006-01-03,2019-12-31,2020-01-02,2020-12-31,-0.06666305479884216,-0.06666305479884216,-0.4362651671874993,0.5433441070726641
JPM,2020,post_2016_oos_wf,dca,2006-01-03,2019-12-31,2020-01-02,2020-12-31,0.24161571223496914,0.24161571223496914,-0.1008770961077492,0.2381768816834064
JPM,2021,post_2016_oos_wf,ga_walkforward,2006-01-03,2020-12-31,2021-01-04,2021-12-31,0.29094369906051454,0.2896361362635358,-0.11189058084145298,0.2133911792477581
JPM,2021,post_2016_oos_wf,fixed_rule,2006-01-03,2020-12-31,2021-01-04,2021-12-31,0.29094369906051476,0.289636136263536,-0.11189058084145298,0.21339117924775808
JPM,2021,post_2016_oos_wf,buy_and_hold,2006-01-03,2020-12-31,2021-01-04,2021-12-31,0.2909436990605134,0.2896361362635347,-0.11189058084145287,0.21339117924775802
JPM,2021,post_2016_oos_wf,dca,2006-01-03,2020-12-31,2021-01-04,2021-12-31,0.052036444212495425,0.05182468993676359,-0.09728513358243196,0.1264065217121124
JPM,2022,post_2016_oos_wf,ga_walkforward,2006-01-03,2021-12-31,2022-01-03,2022-12-30,-0.08890695504743062,-0.08823343556402474,-0.19157060851252594,0.15425333250822915
JPM,2022,post_2016_oos_wf,fixed_rule,2006-01-03,2021-12-31,2022-01-03,2022-12-30,-0.07468500984695547,-0.07411480296631723,-0.19157060851252594,0.1547642299756184
JPM,2022,post_2016_oos_wf,buy_and_hold,2006-01-03,2021-12-31,2022-01-03,2022-12-30,-0.14557830727823895,-0.14451076373643756,-0.3792956639503179,0.2979396999650029
JPM,2022,post_2016_oos_wf,dca,2006-01-03,2021-12-31,2022-01-03,2022-12-30,0.06913606114420778,0.06856896785908817,-0.15292141170813767,0.16577719045892628
JPM,2023,post_2016_oos_wf,ga_walkforward,2006-01-03,2022-12-30,2023-01-03,2023-12-29,0.30046720663196824,0.2964061391853625,-0.1348657315761227,0.20735070889132806
JPM,2023,post_2016_oos_wf,fixed_rule,2006-01-03,2022-12-30,2023-01-03,2023-12-29,0.3004672066319678,0.29640613918536207,-0.13486573157612258,0.20735070889132795
JPM,2023,post_2016_oos_wf,buy_and_hold,2006-01-03,2022-12-30,2023-01-03,2023-12-29,0.3004672066319687,0.29640613918536296,-0.13486573157612303,0.20735070889132784
JPM,2023,post_2016_oos_wf,dca,2006-01-03,2022-12-30,2023-01-03,2023-12-29,0.21181807407123965,0.20904961461566107,-0.1022875399253026,0.10074762229096822
JPM,2024,post_2016_oos_wf,ga_walkforward,2006-01-03,2023-12-29,2024-01-02,2024-12-31,0.42829825205571126,0.42627918427255174,-0.10130499255135605,0.23471724356227255
JPM,2024,post_2016_oos_wf,fixed_rule,2006-01-03,2023-12-29,2024-01-02,2024-12-31,0.4282982520557115,0.42627918427255196,-0.10130499255135594,0.23471724356227244
JPM,2024,post_2016_oos_wf,buy_and_hold,2006-01-03,2023-12-29,2024-01-02,2024-12-31,0.4282982520557126,0.42627918427255307,-0.10130499255135583,0.2347172435622726
JPM,2024,post_2016_oos_wf,dca,2006-01-03,2023-12-29,2024-01-02,2024-12-31,0.2081663245345975,0.2072600423421982,-0.0785882898490774,0.17138186359808547
JPM,2025,post_2016_oos_wf,ga_walkforward,2006-01-03,2024-12-31,2025-01-02,2025-12-31,0.37622638522341445,0.3710042780410032,-0.2442393005278244,0.24850037859962262
JPM,2025,post_2016_oos_wf,fixed_rule,2006-01-03,2024-12-31,2025-01-02,2025-12-31,0.16742621246147849,0.165276772962063,-0.24581114013578842,0.2241822728419359
JPM,2025,post_2016_oos_wf,buy_and_hold,2006-01-03,2024-12-31,2025-01-02,2025-12-31,0.37622638522341534,0.3710042780410041,-0.2442393005278245,0.24850037859962268
JPM,2025,post_2016_oos_wf,dca,2006-01-03,2024-12-31,2025-01-02,2025-12-31,0.1849627032977934,0.18257105392130746,-0.0705708032409259,0.13576924966144752
JPM,2026,post_2016_oos_wf,ga_walkforward,2006-01-03,2025-12-31,2026-01-02,2026-05-15,-0.19510940854642644,-0.07618189487906124,-0.15471736614685982,0.2432852799355184
JPM,2026,post_2016_oos_wf,fixed_rule,2006-01-03,2025-12-31,2026-01-02,2026-05-15,-0.19510940854642744,-0.07618189487906168,-0.15471736614686016,0.24328527993551877
JPM,2026,post_2016_oos_wf,buy_and_hold,2006-01-03,2025-12-31,2026-01-02,2026-05-15,-0.1951094085464269,-0.07618189487906146,-0.15471736614686005,0.24328527993551846
JPM,2026,post_2016_oos_wf,dca,2006-01-03,2025-12-31,2026-01-02,2026-05-15,-0.0708349984546337,-0.026465480282808818,-0.05949756991248145,0.13643046256670394
